start_date,distance [km],average_speed [km/h],max_speed [km/h],moving_time [min],total_elevation_gain [m],type,gear_id,kilojoules
2024-04-06T08:04:24Z,18.2145,3.2976,68.616,331.43,294.3,Walk,,
2024-04-02T09:59:14Z,3.1611,8.2944,37.3536,22.87,66.9,Run,,
2024-03-24T08:44:56Z,25.906299999999998,3.6288,36.1368,428.55,20.3,Ride,b10386566,2869.9
2024-03-22T12:14:29Z,13.7746,14.7996,67.25880000000001,55.85,182.4,Ride,b10386566,374.0
2024-03-21T09:24:07Z,24.1348,12.009599999999999,39.312,120.58,437.4,Ride,b10386566,840.8
2024-03-17T09:31:57Z,41.1926,16.660800000000002,46.3896,148.35,403.5,Ride,b10386566,1105.5
2024-03-15T15:46:25Z,23.4629,17.244,49.104000000000006,81.63,274.5,Ride,b10386566,638.3
2024-03-09T07:55:48Z,3.9406,8.4096,18.8748,28.12,106.2,Run,,
2024-02-25T09:07:34Z,12.4803,8.9532,32.025600000000004,83.63,241.6,NordicSki,,
2024-02-21T05:58:33Z,37.5177,18.3528,72.83160000000001,122.67,233.9,Ride,b10386566,891.2
2024-02-19T06:15:54Z,39.3838,18.968400000000003,41.8392,124.57,177.3,Ride,b10386566,901.3
2024-02-18T15:24:42Z,6.486,11.548800000000002,32.882400000000004,33.7,100.6,Ride,b10386566,256.6
2024-02-18T13:05:51Z,18.029700000000002,18.529200000000003,31.895999999999997,58.38,33.7,Ride,b10386566,372.8
2024-02-17T11:14:13Z,49.706199999999995,16.8192,32.5512,177.33,86.5,Ride,b10386566,940.9
2024-02-16T08:50:51Z,13.8873,20.3652,63.18000000000001,40.92,128.3,Ride,b10386566,352.5
2024-02-12T15:23:56Z,9.9118,16.1172,35.0208,36.9,67.3,Ride,b10386566,252.7
2024-02-10T09:52:05Z,17.418,4.3020000000000005,66.77279999999999,242.97,345.0,Walk,,
2024-02-03T09:53:47Z,26.5153,18.81,38.916000000000004,84.58,190.0,Ride,b10386566,634.9
2024-01-14T09:15:23Z,22.5587,7.0272,26.64,192.58,316.1,NordicSki,,
2024-01-13T10:59:49Z,16.3952,5.256,26.9856,187.1,302.2,NordicSki,,
2023-12-03T15:34:31Z,1.69,6.058800000000001,12.7296,16.73,7.0,NordicSki,,
2023-12-03T12:31:52Z,10.8045,6.368399999999999,29.6928,101.82,106.9,NordicSki,,
2023-11-17T10:49:28Z,56.3642,16.578000000000003,44.3088,203.98,650.9,Ride,b10386566,1542.9
2023-11-01T06:19:07Z,3.1194,12.9672,45.972,14.43,68.9,Run,,
2023-10-31T15:16:36Z,12.6029,19.1016,58.647600000000004,39.58,68.9,Ride,b10386566,313.7
2023-10-31T05:45:45Z,12.7017,19.7424,47.7648,38.6,91.1,Ride,b10386566,333.3
2023-10-22T11:14:46Z,58.2885,20.502000000000002,46.512,170.58,398.7,Ride,b10386566,1481.0
2023-10-11T13:24:57Z,11.884799999999998,17.715600000000002,36.3384,40.25,70.7,Ride,b7982751,342.1
2023-10-11T05:21:14Z,12.992899999999999,14.4,36.7416,54.13,90.9,Ride,b7982751,468.2
2023-10-06T13:06:37Z,12.4107,16.614,39.1032,44.82,70.6,Ride,b7982751,391.0
2023-10-06T05:32:22Z,13.884,14.853600000000002,46.3968,56.08,97.3,Ride,b7982751,517.4
2023-10-02T14:11:05Z,10.987,18.1944,44.114399999999996,36.23,63.3,Ride,b7982751,305.3
2023-10-02T04:59:18Z,12.8988,16.855200000000004,38.973600000000005,45.92,90.9,Ride,b7982751,413.8
2023-09-17T14:11:35Z,29.4651,15.552000000000001,92.5056,113.67,192.1,Ride,b7982751,1070.9
2023-09-13T13:55:42Z,13.175799999999999,16.606800000000003,65.2464,47.6,71.0,Ride,b7982751,399.0
2023-09-13T04:42:16Z,13.0935,17.362800000000004,36.4968,45.25,96.5,Ride,b7982751,433.2
2023-09-12T14:25:15Z,14.2625,11.9628,39.038399999999996,71.53,76.5,Ride,b7982751,628.6
2023-09-12T05:14:40Z,12.6447,16.9848,34.776,44.67,90.7,Ride,b7982751,410.1
2023-08-31T13:34:04Z,12.2855,16.1604,36.6048,45.62,71.4,Ride,b7982751,346.5
2023-08-31T05:08:50Z,12.661200000000001,17.1936,38.3472,44.18,90.8,Ride,b7982751,403.1
2023-08-24T14:15:09Z,12.353200000000001,18.756,40.0968,39.52,70.6,Ride,b7982751,350.3
2023-08-24T05:09:23Z,14.1364,17.6076,47.448,48.17,104.4,Ride,b7982751,453.1
2023-08-23T16:36:12Z,31.502200000000002,15.879599999999998,61.019999999999996,119.03,190.2,Ride,b7982751,1263.5
2023-08-21T05:05:10Z,12.9875,16.480800000000002,43.776,47.28,96.8,Ride,b7982751,438.6
2023-08-14T14:17:45Z,11.8115,19.497600000000002,43.6032,36.35,69.5,Ride,b7982751,340.2
2023-08-14T05:02:02Z,12.602,17.0892,36.345600000000005,44.25,91.2,Ride,b7982751,426.0
2023-08-12T17:19:33Z,7.0058,14.004000000000001,33.048,30.02,107.0,Ride,b7982758,214.8
2023-08-11T13:36:12Z,13.0767,17.6904,41.1552,44.35,74.0,Ride,b7982751,364.2
2023-08-11T04:42:30Z,12.9472,18.1224,36.7416,42.87,96.7,Ride,b7982751,400.9
2023-08-04T13:19:45Z,11.8184,19.8252,47.7504,35.77,69.5,Ride,b7982751,326.2
2023-08-04T04:24:19Z,12.6648,17.046000000000003,50.2344,44.58,90.8,Ride,b7982751,396.8
2023-08-02T14:06:49Z,12.5914,19.238400000000002,47.3832,39.27,70.1,Ride,b7982751,366.2
2023-08-02T04:42:07Z,12.835,17.55,48.456,43.88,90.6,Ride,b7982751,427.5
2023-07-31T14:42:45Z,13.6827,12.8124,43.1064,64.07,139.5,Ride,b10386566,445.6
2023-07-31T04:50:09Z,12.7832,18.054,45.5472,42.48,91.3,Ride,b10386566,344.5
2023-07-28T06:09:51Z,2.8158000000000003,9.3168,15.055200000000001,18.13,17.4,Run,,
2023-07-09T17:28:07Z,52.2076,21.769199999999998,44.8344,143.88,111.7,Ride,b10386566,1198.6
2023-06-30T04:24:59Z,13.0647,17.2908,36.525600000000004,45.33,97.2,Ride,b10386566,336.6
2023-06-28T14:13:19Z,32.391,12.9528,46.062,150.03,202.8,Ride,b10386566,1115.6
2023-06-28T05:18:10Z,13.0384,19.0656,36.986399999999996,41.03,96.7,Ride,b10386566,355.1
2023-06-25T14:36:15Z,35.249900000000004,17.0388,42.5664,124.12,163.8,Ride,b10386566,912.9
2023-06-24T09:10:06Z,31.9991,20.4264,44.8416,94.0,135.1,Ride,b10386566,792.9
2023-06-23T14:14:40Z,16.485599999999998,15.908399999999999,42.9912,62.18,144.7,Ride,b10386566,466.8
2023-06-23T04:54:17Z,13.289100000000001,12.9924,43.704,61.37,93.0,Ride,b10386566,530.9
2023-06-20T13:15:45Z,12.4822,22.212,43.891200000000005,33.72,68.8,Ride,b10386566,310.7
2023-06-20T04:14:45Z,12.6665,19.8,38.901599999999995,38.38,90.7,Ride,b10386566,354.6
2023-06-19T14:26:31Z,11.7365,22.006800000000002,40.356,32.0,69.0,Ride,b10386566,280.8
2023-06-19T05:19:08Z,12.5882,19.9116,39.6864,37.93,90.4,Ride,b10386566,336.7
2023-06-18T14:25:08Z,29.0847,15.318,65.6892,113.92,319.4,Ride,b10386566,929.3
2023-06-15T14:30:52Z,14.5036,7.8732,40.0392,110.53,79.2,Ride,b10386566,765.3
2023-06-15T05:02:43Z,13.9828,20.3976,45.288000000000004,41.13,101.0,Ride,b10386566,377.6
2023-06-11T09:41:54Z,65.6028,13.0572,48.672,301.45,842.1,Ride,b10386566,1777.5
2023-06-08T14:22:31Z,11.7177,18.882,76.7556,37.23,47.3,Ride,b10386566,262.1
2023-06-08T05:20:25Z,11.672799999999999,18.7164,77.3964,37.42,76.3,Ride,b10386566,276.1
2023-06-05T14:28:51Z,12.9146,17.524800000000003,31.9068,44.22,74.3,Ride,b10386566,317.4
2023-06-05T05:16:17Z,13.2248,17.7192,41.428799999999995,44.78,97.5,Ride,b10386566,370.0
2023-06-04T13:59:38Z,9.1671,13.8132,74.2788,39.82,145.9,Ride,b10386566,290.1
2023-06-04T09:26:49Z,35.9649,11.8008,41.5944,182.87,451.2,Ride,b10386566,1196.0
2023-06-03T14:34:46Z,19.3179,16.668,55.7208,69.53,256.5,Ride,b10386566,515.4
2023-06-03T07:26:43Z,36.7172,14.670000000000002,38.088,150.17,423.4,Ride,b10386566,1114.5
2023-05-31T14:30:50Z,12.4759,21.0744,50.976,35.52,69.1,Ride,b7982751,387.4
2023-05-31T04:32:03Z,12.1015,19.8648,45.4608,36.55,91.2,Ride,b7982751,382.1
2023-05-29T14:50:22Z,12.4261,18.702,45.072,39.87,69.5,Ride,b7982751,395.4
2023-05-29T04:47:34Z,14.3087,18.1908,40.6728,47.2,107.6,Ride,b10386566,392.4
2023-05-26T14:47:08Z,35.543099999999995,15.3072,39.0096,139.32,329.3,Ride,b10386566,1015.3
2023-05-24T14:10:38Z,12.317,20.433600000000002,48.308400000000006,36.17,66.6,Ride,,205.5
2023-05-24T05:17:22Z,11.919,22.1292,40.4784,32.32,90.7,Ride,,226.6
2023-05-23T14:14:04Z,12.52,19.3608,39.5784,38.8,69.2,Ride,b10386566,292.3
2023-05-23T05:08:20Z,13.1921,17.416800000000002,40.982400000000005,45.45,99.7,Ride,,252.5
2023-05-21T12:20:13Z,54.4116,12.456,73.8108,262.07,574.1,Ride,b10386566,1790.3
2023-05-20T15:20:30Z,36.903400000000005,16.430400000000002,44.064,134.75,114.1,Ride,b10386566,913.0
2023-05-18T14:17:53Z,12.2839,20.8692,53.64,35.32,68.8,Ride,b10386566,297.5
2023-05-18T05:04:54Z,12.7295,20.736,45.3384,36.83,90.8,Ride,b10386566,345.0
2023-05-14T13:06:10Z,23.8098,13.3092,38.3616,107.35,288.8,Ride,b10386566,718.7
2023-05-12T09:32:20Z,12.023399999999999,21.697200000000002,48.614399999999996,33.25,69.2,Ride,b10386566,328.1
2023-05-12T05:04:02Z,13.114,18.1008,39.22560000000001,43.47,99.8,Ride,b10386566,354.4
2023-05-10T14:21:13Z,11.2177,13.8672,80.4636,48.53,83.9,Ride,b7982751,305.3
2023-05-10T05:16:14Z,11.6477,17.208000000000002,80.0136,40.62,77.0,Ride,b7982751,330.9
2023-05-09T14:12:27Z,11.4965,19.803600000000003,82.4724,34.83,54.9,Ride,b7982751,239.7
2023-05-09T05:12:49Z,13.483,16.9848,52.776,47.63,103.8,Ride,b7982751,467.0
2023-05-08T08:10:17Z,43.428599999999996,15.065999999999999,34.8768,172.97,394.0,Ride,b10386566,1179.7
2023-05-06T15:46:58Z,14.776200000000001,14.814000000000002,39.535199999999996,59.85,193.4,Ride,b7982758,459.0
2023-05-05T13:50:53Z,28.9713,15.8508,68.90400000000001,109.67,219.2,Ride,b10386566,822.8
2023-05-03T14:10:04Z,19.6919,14.860800000000001,47.21040000000001,79.5,210.1,Ride,b10386566,576.1
2023-05-03T04:50:00Z,12.994,19.450799999999997,42.516000000000005,40.08,97.2,Ride,b10386566,341.8
2023-05-02T16:51:32Z,7.0631,7.776000000000001,25.401600000000002,54.5,118.5,Run,,
2023-05-02T14:01:16Z,12.4486,19.476000000000003,39.8016,38.35,68.8,Ride,b10386566,291.5
2023-05-02T04:54:44Z,13.1174,19.692,52.977599999999995,39.97,96.8,Ride,b10386566,349.9
2023-05-01T12:04:17Z,57.2347,14.2956,51.1704,240.23,531.7,Ride,b10386566,1926.1
2023-04-26T14:36:16Z,11.8088,19.447200000000002,38.376000000000005,36.43,68.5,Ride,b10386566,268.9
2023-04-26T05:20:14Z,13.1492,16.614,47.2248,47.48,96.8,Ride,b10386566,336.0
2023-04-25T15:43:11Z,10.1634,6.7608,40.1976,90.18,157.4,Ride,b10386566,581.5
2023-04-25T14:24:46Z,14.111600000000001,17.5284,45.8496,48.3,82.7,Ride,b10386566,339.8
2023-04-25T05:20:39Z,13.048,19.6632,44.4996,39.82,93.2,Ride,b10386566,364.0
2023-04-22T11:26:31Z,28.9004,14.720400000000001,44.7048,117.78,303.6,Ride,b10386566,943.2
2023-04-21T14:02:46Z,12.2476,21.229200000000002,45.0,34.62,68.6,Ride,b10386566,312.5
2023-04-21T04:48:06Z,13.134,19.119600000000002,43.8696,41.22,96.8,Ride,b10386566,340.0
2023-04-19T15:07:52Z,42.0781,17.424,49.564800000000005,144.9,426.7,Ride,b10386566,1163.9
2023-04-18T14:04:41Z,16.962799999999998,10.5264,46.3104,96.68,152.0,Ride,b7982751,811.2
2023-04-18T05:03:53Z,13.2068,17.2836,37.8648,45.85,97.0,Ride,b7982751,448.8
2023-04-17T14:45:57Z,16.4857,5.6808000000000005,44.568000000000005,174.12,71.8,Ride,b7982751,1060.8
2023-04-17T04:59:50Z,13.251,18.2088,50.292,43.67,97.3,Ride,b7982751,426.5
2023-04-12T14:12:13Z,11.7702,19.4904,45.640800000000006,36.23,69.0,Ride,b7982751,396.2
2023-04-12T05:37:42Z,12.017,17.305200000000003,36.9,41.67,91.1,Ride,b7982751,412.9
2023-04-12T04:37:13Z,4.7623999999999995,7.297200000000001,43.257600000000004,39.15,74.0,Ride,b7982751,269.2
2023-04-05T14:20:15Z,12.6388,20.034000000000002,49.356,37.85,68.7,Ride,b10386566,303.7
2023-04-05T04:59:08Z,13.514100000000001,17.964000000000002,47.034,45.13,98.0,Ride,b10386566,365.2
2023-04-03T14:33:13Z,13.2799,17.636400000000002,46.71360000000001,45.18,107.2,Ride,b10386566,346.9
2023-04-03T04:55:10Z,12.827,19.296000000000003,47.419200000000004,39.88,90.9,Ride,b10386566,349.8
2023-03-22T15:58:20Z,14.487200000000001,11.8404,48.0204,73.42,192.0,Ride,b10386566,523.0
2023-03-21T15:11:29Z,14.0737,20.4444,43.632,41.3,82.3,Ride,b10386566,355.1
2023-03-21T06:01:46Z,12.7973,19.8936,39.052800000000005,38.6,90.8,Ride,b10386566,350.4
2023-03-02T11:00:44Z,12.1537,5.9616,29.52,122.35,396.6,NordicSki,,
2023-03-02T07:21:25Z,4.4657,8.035200000000001,11.124,33.35,199.1,Walk,,
2023-02-19T11:44:00Z,9.6051,8.2656,70.2504,69.73,125.6,BackcountrySki,,
2023-02-14T14:11:45Z,12.1845,18.979200000000002,46.1592,38.52,68.9,Ride,b10386566,319.6
2023-02-14T05:52:15Z,12.915700000000001,17.7588,33.5448,43.63,90.9,Ride,b10386566,334.3
2023-02-05T11:11:40Z,10.6262,5.382000000000001,26.676000000000002,118.47,136.4,BackcountrySki,,
2023-01-20T15:40:57Z,5.4814,6.0912,24.1308,53.98,57.7,Walk,,
2023-01-10T17:16:47Z,9.2409,15.3108,49.086,36.22,61.9,Ride,b10386566,251.9
2022-12-18T10:34:21Z,8.1475,7.2467999999999995,35.1936,67.45,116.2,BackcountrySki,,
2022-12-17T09:00:23Z,9.8077,7.938000000000001,42.0624,74.13,115.8,BackcountrySki,,
2022-11-13T12:08:34Z,2.7269,8.7048,20.2176,18.8,108.0,Run,,
2022-11-11T06:17:35Z,4.355600000000001,8.766,20.952,29.82,88.3,Run,,
2022-11-09T06:36:45Z,3.2756999999999996,9.6912,17.3376,20.28,86.0,Run,,
2022-11-08T15:16:22Z,12.559700000000001,18.799200000000003,43.538399999999996,40.08,69.1,Ride,b10386566,326.5
2022-11-08T06:27:23Z,12.8188,18.9828,43.1352,40.52,91.4,Ride,b10386566,338.3
2022-11-06T14:04:04Z,29.6891,13.2048,43.8408,134.88,129.4,Ride,b10386566,914.1
2022-10-14T07:29:13Z,18.9867,4.662,15.5952,244.45,233.5,Walk,,
2022-10-13T08:50:12Z,14.9099,3.9996,10.332,223.6,535.3,Walk,,
2022-10-12T10:17:54Z,17.9463,4.1148,20.2176,261.78,481.8,Walk,,
2022-10-10T14:14:28Z,13.8288,21.5244,47.196,38.55,82.3,Ride,b10386566,316.1
2022-10-10T05:02:30Z,12.055299999999999,19.98,42.156000000000006,36.2,93.2,Ride,b10386566,328.1
2022-10-09T12:41:40Z,27.0865,17.773200000000003,41.8104,91.43,321.8,Ride,b10386566,712.4
2022-10-09T08:27:56Z,31.022,19.9224,47.4912,93.43,333.0,Ride,b10386566,846.3
2022-10-05T14:21:00Z,15.1255,16.8336,42.3936,53.92,133.7,Ride,b10386566,420.0
2022-10-05T04:44:40Z,12.927200000000001,19.62,46.1448,39.53,90.8,Ride,b10386566,358.1
2022-10-04T14:23:20Z,29.373099999999997,12.654,46.483200000000004,139.27,256.3,Ride,b10386566,843.3
2022-10-04T05:22:58Z,12.9425,16.0488,46.2024,48.38,91.4,Ride,b10386566,457.4
2022-09-29T14:13:34Z,12.505600000000001,21.6144,51.8904,34.72,69.2,Ride,b10386566,313.3
2022-09-29T05:02:59Z,12.8185,20.0124,42.2208,38.43,91.2,Ride,b10386566,331.9
2022-09-22T14:07:28Z,12.6496,20.9952,42.12,36.15,71.7,Ride,b10386566,328.7
2022-09-22T05:04:19Z,13.221,17.8056,38.9232,44.55,96.7,Ride,b10386566,358.8
2022-09-13T14:46:31Z,12.6733,19.040399999999998,44.409600000000005,39.93,69.7,Ride,b10386566,290.0
2022-09-12T11:09:58Z,53.2954,17.0532,48.0744,187.5,372.8,Ride,b10386566,1452.9
2022-09-12T05:07:15Z,13.1575,18.8712,42.7536,41.83,96.2,Ride,b10386566,348.3
2022-09-09T12:58:05Z,1.7093,22.2948,44.9136,4.6,17.4,Ride,b10386566,57.4
2022-09-09T05:32:47Z,12.0877,22.032,52.632,32.92,93.6,Ride,b10386566,338.5
2022-09-04T09:46:58Z,13.8954,20.6712,35.9136,40.33,63.9,Ride,b10386566,348.1
2022-09-03T08:50:41Z,72.98960000000001,18.1548,58.9608,241.23,548.2,Ride,b10386566,2003.0
2022-09-02T12:24:16Z,12.6214,21.8988,45.3888,34.58,69.1,Ride,b10386566,327.1
2022-09-02T05:02:32Z,13.1144,18.223200000000002,39.614399999999996,43.18,97.1,Ride,b10386566,385.3
2022-08-29T14:11:39Z,12.4703,20.998800000000003,46.62,35.63,69.0,Ride,b7982751,382.8
2022-08-29T05:21:34Z,12.5719,19.267200000000003,38.4048,39.15,93.0,Ride,b7982751,420.3
2022-08-17T14:23:09Z,11.9605,21.2832,50.976,33.72,68.7,Ride,b7982751,403.0
2022-08-17T04:54:20Z,11.7881,21.6864,85.39920000000001,32.62,91.7,Ride,b7982751,395.6
2022-08-15T14:23:26Z,16.537599999999998,14.0652,42.408,70.55,166.1,Ride,b7982751,615.1
2022-08-15T05:02:34Z,14.283700000000001,19.0152,36.986399999999996,45.07,104.7,Ride,b7982751,451.8
2022-08-14T11:50:37Z,32.3162,13.276800000000001,36.72,146.05,188.1,Ride,b10386566,856.4
2022-08-11T14:45:03Z,12.168299999999999,21.2544,47.095200000000006,34.35,69.1,Ride,b10386566,272.8
2022-08-11T05:15:21Z,12.523200000000001,19.9476,38.2536,37.67,93.5,Ride,b7982751,417.7
2022-08-02T14:43:29Z,15.180299999999999,18.8964,49.622400000000006,48.2,147.9,Ride,b10386566,408.5
2022-08-02T04:44:01Z,12.382299999999999,21.852,37.382400000000004,34.0,95.9,Ride,b10386566,328.8
2022-08-01T14:36:13Z,12.880700000000001,22.8312,50.6772,33.85,75.2,Ride,b10386566,322.7
2022-08-01T04:56:38Z,11.88,23.958000000000002,43.4304,29.75,93.7,Ride,b10386566,344.2
2022-07-11T14:16:23Z,12.3295,21.4128,50.1948,34.55,69.0,Ride,b10386566,302.3
2022-07-11T05:19:39Z,12.7064,22.554,42.984,33.8,91.3,Ride,b10386566,246.6
2022-07-10T09:28:45Z,15.385299999999999,4.553999999999999,10.490400000000001,202.72,420.4,Walk,,
2022-07-08T14:01:27Z,49.1877,18.788400000000003,54.6912,157.08,347.7,Ride,b10386566,1261.5
2022-07-07T14:17:05Z,13.128,17.168400000000002,44.1864,45.88,74.4,Ride,b10386566,306.5
2022-07-07T05:35:48Z,12.833,19.7424,46.6272,39.0,91.9,Ride,b10386566,326.0
2022-07-03T09:41:01Z,43.8494,9.7992,62.647200000000005,268.5,719.1,Ride,b10386566,1946.8
2022-07-02T08:44:51Z,41.7401,12.4128,54.1872,201.73,749.3,Ride,b10386566,1518.5
2022-06-30T14:45:48Z,12.5517,21.2328,47.0592,35.47,69.2,Ride,b10386566,304.5
2022-06-30T05:08:36Z,12.9193,17.992800000000003,47.124,43.08,93.8,Ride,b10386566,350.3
2022-06-28T15:11:46Z,1.7566,10.486799999999999,27.3888,10.05,2.5,Ride,b10386566,50.0
2022-06-28T14:13:52Z,13.9154,18.882,42.7752,44.22,82.3,Ride,b10386566,339.0
2022-06-28T04:51:41Z,12.730799999999999,19.0548,35.4348,40.08,91.1,Ride,b10386566,341.6
2022-06-27T14:31:51Z,19.0269,6.534,44.2944,174.77,140.3,Ride,b10386566,978.6
2022-06-27T05:22:00Z,12.962399999999999,17.3088,38.952000000000005,44.93,94.5,Ride,b10386566,361.0
2022-06-26T07:16:21Z,25.396,13.356,44.6616,114.1,322.9,Ride,b10386566,863.1
2022-06-21T14:09:44Z,12.381,19.1304,43.0776,38.83,70.3,Ride,b10386566,295.4
2022-06-21T04:58:13Z,12.7799,18.680400000000002,48.9276,41.05,90.9,Ride,b10386566,365.6
2022-06-20T14:44:05Z,21.3298,8.874,95.6088,144.2,78.8,Ride,b10386566,908.6
2022-06-20T05:30:06Z,13.5372,17.9568,45.2448,45.23,96.4,Ride,b10386566,386.5
2022-06-19T12:29:05Z,7.5526,13.8636,35.856,32.68,88.2,Ride,b10386566,236.4
2022-06-15T14:36:36Z,13.2054,16.1316,45.446400000000004,49.12,110.1,Ride,b10386566,348.0
2022-06-15T04:59:30Z,12.952,18.482400000000002,35.604000000000006,42.05,96.5,Ride,b10386566,350.9
2022-06-14T14:32:06Z,41.470099999999995,12.0528,50.486399999999996,206.47,302.0,Ride,b10386566,1534.5
2022-06-14T05:24:09Z,13.067,15.649200000000002,48.546,50.1,91.0,Ride,b10386566,467.4
2022-06-08T14:05:25Z,21.430400000000002,17.812800000000003,46.4184,72.18,202.2,Ride,b10386566,628.7
2022-06-08T04:40:36Z,13.0755,19.2456,87.77520000000001,40.77,91.2,Ride,b10386566,346.2
2022-06-05T17:53:24Z,13.786299999999999,14.364,42.9696,57.58,112.4,Ride,b10386566,423.6
2022-06-05T10:17:42Z,31.1891,15.368400000000001,46.303200000000004,121.77,96.7,Ride,b10386566,799.6
2022-05-31T14:19:34Z,20.852,18.8712,48.7872,66.3,144.4,Ride,b10386566,527.1
2022-05-31T05:12:19Z,13.232299999999999,17.9496,52.2864,44.23,96.7,Ride,b10386566,379.9
2022-05-30T14:11:33Z,12.996,17.9676,38.3328,43.4,74.8,Ride,b10386566,312.5
2022-05-30T05:15:16Z,12.6491,19.738799999999998,39.2904,38.45,90.5,Ride,b10386566,351.1
2022-05-25T14:22:50Z,12.5205,18.6948,48.4272,40.18,72.4,Ride,b10386566,286.8
2022-05-25T04:55:01Z,13.3874,17.0712,38.6928,47.05,101.5,Ride,b10386566,387.4
2022-05-24T13:46:04Z,12.6426,19.5912,42.4152,38.72,69.8,Ride,b10386566,299.2
2022-05-24T04:43:05Z,12.6298,19.0872,36.6912,39.7,90.4,Ride,b10386566,329.5
2022-05-22T09:04:37Z,15.2005,11.6136,37.296,78.53,46.9,Ride,b7982751,566.7
2022-05-20T13:13:45Z,12.510399999999999,20.3616,40.5576,36.87,69.6,Ride,b10386566,289.9
2022-05-20T04:47:46Z,13.0656,15.6996,39.1032,49.93,93.4,Ride,b10386566,382.1
2022-05-16T14:13:32Z,36.3754,13.482000000000001,50.9688,161.88,309.1,Ride,b10386566,1120.9
2022-05-16T05:04:49Z,14.4376,17.3304,40.0356,49.98,106.7,Ride,b10386566,398.8
2022-05-14T12:33:21Z,37.5062,15.462,46.7928,145.53,365.9,Ride,b10386566,1085.7
2022-05-13T15:25:06Z,31.967200000000002,16.2396,54.0324,118.1,404.9,Ride,b10386566,929.1
2022-05-13T13:45:41Z,12.7399,17.0892,38.8008,44.73,69.7,Ride,b10386566,286.3
2022-05-13T05:35:47Z,12.2637,18.4248,40.3992,39.93,97.9,Ride,b7982751,440.8
2022-05-11T14:25:17Z,11.9671,19.2924,42.7968,37.22,70.4,Ride,b10386566,276.2
2022-05-11T04:56:10Z,13.2414,15.803999999999998,39.0816,50.27,100.0,Ride,b10386566,391.2
2022-05-10T14:06:20Z,12.609200000000001,18.5652,40.896,40.75,66.6,Ride,b10386566,308.2
2022-05-10T05:03:16Z,12.975,17.8488,35.7192,43.62,96.6,Ride,b10386566,360.1
2022-05-06T13:42:11Z,34.202400000000004,14.1696,44.9172,144.83,346.0,Ride,b7982751,1553.9
2022-05-06T05:07:53Z,13.117799999999999,17.64,36.1368,44.62,94.2,Ride,b10386566,371.9
2022-05-05T14:22:01Z,12.4893,18.8532,46.152,39.75,69.7,Ride,b7982751,377.7
2022-05-05T04:57:24Z,13.0075,17.9064,40.3164,43.58,94.6,Ride,b10386566,375.5
2022-05-04T14:56:17Z,14.997,16.1244,41.868,55.8,134.8,Ride,b10386566,424.5
2022-05-04T04:54:51Z,13.101700000000001,16.520400000000002,38.617200000000004,47.58,96.9,Ride,b10386566,365.1
2022-05-03T14:30:43Z,26.6445,12.373199999999999,48.22560000000001,129.2,262.8,Ride,b10386566,994.7
2022-05-03T04:42:29Z,19.918,20.2608,44.0424,58.98,66.2,Ride,b10386566,485.2
2022-04-27T14:32:40Z,17.2521,12.9204,41.904,80.12,140.4,Ride,b7982751,736.9
2022-04-27T04:44:31Z,13.1509,16.8192,35.52120000000001,46.92,99.1,Ride,b7982751,428.8
2022-04-15T09:12:30Z,65.0182,14.1012,40.32,276.67,771.2,Ride,b7982751,2426.5
2022-04-13T14:12:28Z,18.6277,6.912,43.848,161.7,143.3,Ride,b7982751,1331.2
2022-04-13T05:01:42Z,12.8589,16.8588,31.680000000000003,45.77,97.7,Ride,b7982751,431.4
2022-04-12T15:48:36Z,12.7477,8.7156,35.784,87.75,151.8,Ride,b7982751,575.9
2022-04-08T14:02:08Z,13.7239,17.946,41.1912,45.88,87.2,Ride,b7982751,381.6
2022-04-08T04:41:54Z,12.1673,17.3808,38.8296,42.0,95.4,Ride,b7982751,415.7
2022-03-29T14:02:46Z,12.0325,17.7876,43.632,40.58,71.3,Ride,b7982751,400.9
2022-03-29T04:37:15Z,12.896,17.1756,36.54,45.05,93.9,Ride,b7982751,431.1
2022-03-27T13:47:19Z,21.934900000000003,14.450400000000002,34.308,91.07,237.7,Ride,b7982751,715.6
2022-03-27T08:57:00Z,23.724400000000003,13.9104,36.2736,102.33,449.4,Ride,b7982751,949.6
2022-03-23T15:27:21Z,10.417,16.9848,45.972,36.8,59.9,Ride,b7982751,324.3
2022-03-23T05:55:07Z,13.314,15.498,37.3896,51.55,101.8,Ride,b7982751,437.3
2022-03-21T15:31:58Z,12.1065,18.7632,45.2304,38.72,72.4,Ride,b7982751,400.1
2022-03-21T05:55:06Z,12.7452,15.9192,32.6988,48.03,93.4,Ride,b7982751,434.5
2022-03-13T11:13:50Z,49.1132,11.8116,50.7744,249.45,476.9,Ride,b7982751,2046.9
2022-03-12T09:20:02Z,12.8986,4.1364,20.2788,187.07,284.7,Walk,,
2022-03-05T10:14:49Z,8.867299999999998,4.946400000000001,23.270400000000002,107.58,301.7,BackcountrySki,,
2022-03-03T08:57:08Z,14.464,6.6348,25.632,130.77,195.7,BackcountrySki,,
2022-03-02T09:44:43Z,10.7086,7.1028,30.434400000000004,90.47,95.7,BackcountrySki,,
2022-02-25T15:45:07Z,13.8295,17.258399999999998,42.192,48.08,82.3,Ride,b7982751,409.3
2022-02-25T05:58:06Z,12.9116,15.364799999999999,42.4296,50.42,97.2,Ride,b7982751,474.9
2022-02-23T18:30:36Z,12.738,12.5856,53.4204,60.73,104.3,Ride,b7982751,439.7
2022-02-22T15:59:11Z,13.8875,17.269199999999998,43.1928,48.25,83.4,Ride,b7982751,403.4
2022-02-22T06:11:50Z,13.7886,14.4288,36.3816,57.33,102.0,Ride,b7982751,532.4
2022-02-20T10:30:38Z,13.0009,10.3824,24.991200000000003,75.13,19.6,Ride,b7982751,414.9
2022-02-09T15:45:01Z,14.060799999999999,15.912,43.72560000000001,53.02,92.9,Ride,b7982751,425.3
2022-02-09T06:17:22Z,13.053,17.168400000000002,40.572,45.62,98.0,Ride,b10386566,339.2
2022-02-08T15:21:29Z,12.9275,15.065999999999999,34.92,51.48,138.0,Ride,b10386566,357.9
2022-02-08T06:11:19Z,14.4613,17.3232,37.4688,50.08,108.1,Ride,b10386566,389.7
2022-02-07T17:27:53Z,11.6464,11.3184,34.495200000000004,61.73,180.9,Ride,b10386566,422.9
2022-01-31T06:35:25Z,1.4415,7.0524000000000004,26.7588,12.27,24.2,Run,,
2022-01-29T10:56:51Z,11.703,11.7144,36.921600000000005,59.95,99.0,Ride,b7982751,418.2
2022-01-27T06:28:01Z,3.3546,7.3116,24.7392,27.53,67.2,Run,,
2022-01-23T10:34:43Z,16.1958,5.0112,73.6344,193.92,442.0,BackcountrySki,,
2022-01-20T15:28:32Z,2.333,7.153200000000001,16.9272,19.57,54.7,Run,,
2022-01-15T09:42:50Z,23.4157,9.5832,38.037600000000005,146.58,372.5,BackcountrySki,,
2022-01-08T09:44:55Z,4.4489,7.714799999999999,46.2348,34.6,68.4,Run,,
2021-12-28T10:36:28Z,14.744299999999999,5.9184,30.456000000000003,149.52,251.6,BackcountrySki,,
2021-11-07T09:20:16Z,43.9276,14.0328,40.7664,187.82,529.8,Ride,b7982751,1695.1
2021-10-22T14:55:53Z,3.7626999999999997,7.685999999999999,35.2584,29.37,79.8,Run,,
2021-10-15T05:01:47Z,2.319,6.4728,13.68,21.5,21.0,Walk,,
2021-10-13T14:07:17Z,2.337,8.208,20.52,17.08,8.5,Run,,
2021-10-13T05:01:18Z,2.3563,7.776000000000001,13.68,18.18,21.2,Run,,
2021-10-10T10:52:02Z,44.9229,11.844000000000001,40.32,227.57,471.7,Ride,b7982751,1827.4
2021-10-05T14:28:43Z,11.751100000000001,19.2744,45.36,36.58,71.5,Ride,b7982751,347.9
2021-10-05T05:19:49Z,13.3719,16.11,37.800000000000004,49.8,94.4,Ride,b7982751,440.5
2021-10-04T14:57:50Z,13.9817,18.9288,45.0,44.32,81.8,Ride,b7982751,325.3
2021-10-04T05:19:12Z,13.3551,17.074800000000003,46.440000000000005,46.93,97.4,Ride,b7982751,448.7
2021-09-22T15:11:52Z,35.5316,14.857199999999999,52.92,143.5,364.1,Ride,b7982751,1166.0
2021-09-22T05:15:10Z,13.0695,17.6292,47.16,44.48,94.7,Ride,b7982751,426.0
2021-09-20T15:11:44Z,14.2796,16.480800000000002,46.080000000000005,51.98,75.8,Ride,b7982751,417.5
2021-09-20T04:57:39Z,12.8074,16.8336,52.92,45.65,92.7,Ride,b7982751,381.4
2021-09-19T09:50:13Z,16.466099999999997,7.5096,44.28,131.55,178.4,Ride,b7982751,677.6
2021-09-15T13:58:28Z,12.1737,17.5428,48.96,41.63,71.2,Ride,b7982751,386.0
2021-09-15T04:46:53Z,12.9356,18.5904,37.080000000000005,41.75,90.6,Ride,b7982751,416.0
2021-09-10T13:35:42Z,13.876,13.3416,46.440000000000005,62.4,118.4,Ride,b7982751,482.7
2021-09-10T05:03:32Z,13.0685,17.424,55.080000000000005,45.0,96.2,Ride,b7982751,422.4
2021-09-08T15:09:51Z,16.113,16.650000000000002,46.440000000000005,58.07,145.8,Ride,b7982751,512.8
2021-09-07T14:14:08Z,13.943,17.424,45.36,48.02,97.3,Ride,b7982751,414.4
2021-09-07T05:12:38Z,13.026,16.9344,38.519999999999996,46.15,91.2,Ride,b7982751,411.6
2021-09-06T15:10:11Z,14.447,18.4896,46.080000000000005,46.88,84.6,Ride,b7982751,424.3
2021-09-06T04:43:24Z,13.4688,16.0776,54.36,50.27,91.9,Ride,b7982751,479.3
2021-08-30T14:44:02Z,22.770799999999998,10.5516,58.68000000000001,129.5,224.4,Ride,b7982751,937.9
2021-08-27T14:14:26Z,17.5675,17.5428,165.6,60.08,82.6,Ride,b7982751,565.7
2021-08-27T05:15:48Z,12.237,17.9892,36.36,40.82,85.5,Ride,b7982751,393.7
2021-08-23T14:32:25Z,13.9301,18.4176,44.64,45.38,82.5,Ride,b7982751,369.6
2021-08-23T04:46:34Z,12.2385,16.5816,38.16,44.28,95.3,Ride,b7982751,408.9
2021-08-21T08:30:26Z,72.8077,13.662,46.440000000000005,319.77,833.2,Ride,b7982751,2806.9
2021-08-19T13:43:12Z,11.723600000000001,19.7604,42.480000000000004,35.6,71.2,Ride,b7982751,334.3
2021-08-19T04:42:43Z,12.1385,18.788400000000003,36.72,38.77,95.4,Ride,b7982751,408.3
2021-08-13T13:57:21Z,10.491299999999999,18.1404,44.352000000000004,34.7,54.4,Ride,b7982751,310.4
2021-08-13T05:25:08Z,12.389,16.7796,46.440000000000005,44.3,93.6,Ride,b7982751,422.5
2021-08-09T15:22:56Z,16.1095,15.4872,51.480000000000004,62.42,156.2,Ride,b7982751,573.3
2021-08-09T04:58:39Z,13.147200000000002,15.872399999999999,36.36,49.7,92.5,Ride,b7982751,439.3
2021-08-07T11:21:49Z,40.8265,7.8012,42.12,314.05,371.7,Ride,b7982751,2380.9
2021-08-04T14:58:05Z,15.444799999999999,16.272,40.32,56.95,140.1,Ride,b7982751,492.6
2021-08-04T05:21:30Z,12.812100000000001,18.2016,34.92,42.23,90.8,Ride,b7982751,420.2
2021-08-03T14:38:39Z,16.8498,16.0848,48.24,62.85,172.3,Ride,b7982751,546.3
2021-08-03T05:18:21Z,13.180200000000001,17.2872,36.0,45.75,90.8,Ride,b7982751,432.9
2021-07-29T15:37:40Z,6.229100000000001,14.741999999999999,41.4,25.35,63.3,Ride,b7982751,245.0
2021-07-15T14:53:26Z,13.5852,17.6544,46.440000000000005,46.17,104.6,Ride,b7982751,406.8
2021-07-15T05:06:09Z,13.8642,18.5544,68.03999999999999,44.83,97.3,Ride,b7982751,465.7
2021-07-13T15:14:34Z,16.193,17.9208,45.0,54.22,138.4,Ride,b7982751,501.4
2021-07-13T05:02:33Z,12.8744,17.4816,37.080000000000005,44.18,93.5,Ride,b7982751,429.3
2021-07-12T14:37:28Z,13.3269,15.7104,39.6,50.9,68.7,Ride,b7982758,384.7
2021-07-12T05:09:17Z,14.508899999999999,18.5472,38.519999999999996,46.93,110.4,Ride,b7982758,377.9
2021-07-11T09:35:54Z,57.146,16.153200000000002,43.92,212.25,432.7,Ride,b7982758,1532.7
2021-07-10T10:58:11Z,48.7825,14.2452,41.04,205.47,411.5,Ride,b7982758,1419.2
2021-07-09T14:57:13Z,49.033199999999994,14.274,50.04,206.13,401.2,Ride,b7982758,1683.9
2021-07-07T15:20:50Z,20.3178,12.870000000000001,41.4,94.72,231.8,Ride,b7982758,678.5
2021-07-07T04:55:13Z,12.5355,22.057199999999998,45.0,34.1,90.6,Ride,b7982758,330.3
2021-07-01T14:13:32Z,11.9517,20.3256,43.2,35.28,71.0,Ride,b7982758,290.7
2021-07-01T05:01:32Z,19.668200000000002,4.824000000000001,41.4,244.7,104.3,Ride,b7982758,1448.0
2021-06-23T05:55:19Z,3.281,13.798800000000002,26.28,14.27,27.9,Ride,b7982751,124.9
2021-06-22T15:28:20Z,32.5605,12.6576,45.72,154.33,496.9,Ride,b7982751,1294.1
2021-06-19T08:05:33Z,23.9196,14.536800000000001,41.4,98.72,276.3,Ride,b7982751,760.3
2021-06-18T15:37:35Z,26.1478,16.686,49.68000000000001,94.02,360.3,Ride,b7982751,916.9
2021-06-17T15:40:49Z,15.290799999999999,15.915600000000001,35.28,57.65,138.5,Ride,b7982751,467.4
2021-06-17T05:39:25Z,12.953700000000001,18.741600000000002,39.24,41.47,96.9,Ride,b7982751,433.3
2021-06-13T12:07:17Z,51.004599999999996,13.7376,52.2,222.75,585.3,Ride,b7982751,1826.5
2021-06-11T13:56:44Z,15.8842,16.0164,36.0,59.5,146.1,Ride,b7982751,526.5
2021-06-11T05:24:39Z,13.4958,15.552000000000001,49.32,52.07,94.2,Ride,b7982751,477.0
2021-06-09T14:56:13Z,48.8804,16.866,52.56,173.9,514.5,Walk,,
2021-06-09T05:17:14Z,12.8205,17.8272,34.56,43.15,90.7,Walk,,
2021-06-08T05:29:36Z,37.8422,3.6864000000000003,67.32,615.72,286.2,Ride,b7982751,4869.9
2021-06-07T15:31:29Z,16.879900000000003,14.3208,49.32,70.72,156.3,Ride,b7982751,582.3
2021-06-07T05:07:41Z,13.364,16.6644,38.519999999999996,48.12,99.8,Ride,b7982751,458.4
2021-06-06T10:58:48Z,7.1223,11.07,32.4,38.6,98.4,Ride,b7982758,272.7
2021-06-04T14:26:31Z,36.6051,15.0516,54.36,145.93,345.1,Ride,b7982751,1214.6
2021-06-04T04:54:21Z,13.295,17.229599999999998,53.64,46.3,104.0,Ride,b7982751,450.1
2021-06-02T13:44:49Z,58.9657,17.7516,50.4,199.32,178.5,Ride,b7982751,1764.1
2021-06-02T05:33:12Z,13.1896,16.56,39.24,47.78,90.7,Ride,b7982751,452.3
2021-06-01T14:53:12Z,36.9905,16.8624,50.04,131.62,389.0,Ride,b7982751,1125.3
2021-06-01T05:25:39Z,13.1419,17.7912,41.4,44.32,97.2,Ride,b7982751,431.5
2021-05-31T14:53:58Z,15.780700000000001,16.8012,45.72,56.35,147.6,Ride,b7982751,450.0
2021-05-31T05:30:09Z,13.129,17.3124,36.36,45.5,96.9,Ride,b7982751,438.2
2021-05-28T14:21:42Z,20.7243,8.8236,73.44,140.93,156.8,Ride,b7982751,1024.1
2021-05-28T05:16:09Z,12.8276,19.0908,43.56,40.32,90.4,Ride,b7982751,386.2
2021-05-25T14:50:00Z,48.0997,16.981199999999998,43.92,169.97,429.8,Ride,b7982751,1601.5
2021-05-25T05:36:28Z,12.4716,16.909200000000002,56.16,44.25,93.3,Ride,b7982751,435.4
2021-05-24T14:49:05Z,17.7683,11.2212,39.6,95.0,141.2,Ride,b7982751,709.9
2021-05-24T04:58:15Z,14.043700000000001,17.362800000000004,36.36,48.53,104.0,Ride,b7982751,411.6
2021-05-23T13:59:11Z,23.7856,13.3992,37.800000000000004,106.5,340.8,Ride,b7982751,883.7
2021-05-22T11:07:10Z,21.0795,14.526000000000002,47.16,87.07,309.0,Ride,b7982751,807.0
2021-05-22T10:12:59Z,7.7446,15.6384,29.16,29.72,57.7,Ride,b7982758,200.3
2021-05-20T09:35:36Z,3.7599,9.518400000000002,34.92,23.7,39.0,Ride,b7982751,171.9
2021-05-20T05:30:06Z,4.2715,12.420000000000002,45.36,20.63,56.8,Ride,b7982751,168.6
2021-05-19T14:40:34Z,21.750400000000003,10.4796,52.56,124.53,266.2,Ride,b7982751,980.0
2021-05-19T04:44:12Z,12.203100000000001,18.3816,36.72,39.83,93.8,Ride,b7982751,386.2
2021-05-18T15:18:15Z,14.3976,16.0776,39.6,53.73,143.2,Ride,b7982751,481.9
2021-05-18T05:18:22Z,12.2441,19.7136,39.96,37.27,93.2,Ride,b7982751,418.4
2021-05-17T15:15:10Z,16.985599999999998,16.761599999999998,44.64,60.8,157.8,Ride,b7982751,540.6
2021-05-17T05:13:01Z,13.342,18.0972,36.36,44.23,97.6,Ride,b7982751,437.0
2021-05-11T14:21:02Z,11.1649,13.7052,41.4,48.88,192.6,Ride,b7982751,431.5
2021-05-11T05:23:32Z,10.3873,17.91,46.800000000000004,34.8,98.0,Ride,b7982751,333.8
2021-05-08T11:59:20Z,1.9833,9.8604,18.0,12.07,0.0,Ride,b7982751,70.6
2021-05-07T14:12:08Z,40.9597,16.5312,42.12,148.67,438.7,Ride,b7982751,1311.1
2021-05-07T04:59:55Z,14.1396,20.465999999999998,38.88,41.45,104.8,Ride,b7982751,431.1
2021-05-06T15:36:07Z,13.6125,15.181199999999999,37.440000000000005,53.8,195.8,Ride,b7982751,465.8
2021-05-06T05:20:03Z,14.4065,16.146,38.16,53.53,205.6,Ride,b7982751,521.5
2021-05-05T14:40:07Z,15.2975,15.397200000000002,44.28,59.62,133.7,Ride,b7982758,411.4
2021-05-05T05:32:04Z,13.633299999999998,18.2304,39.6,44.87,102.0,Ride,b7982758,396.2
2021-05-04T14:56:34Z,16.0897,16.6032,47.88,58.15,143.4,Ride,b7982758,424.3
2021-05-04T05:19:14Z,13.3892,17.586,45.72,45.68,98.2,Ride,b7982758,369.4
2021-05-03T15:38:49Z,4.3063,16.0632,37.080000000000005,16.08,47.7,Ride,b7982751,131.2
2021-05-03T05:10:12Z,13.742799999999999,20.134800000000002,56.88,40.95,125.4,Ride,b7982758,367.9
2021-05-02T13:46:54Z,6.8681,5.6376,11.520000000000001,73.08,94.0,Walk,,
2021-05-02T11:46:02Z,8.3717,11.9556,57.6,42.02,113.4,Ride,b7982751,362.8
2021-04-29T14:33:08Z,12.4758,17.5788,47.88,42.58,68.3,Ride,b7982751,348.9
2021-04-29T05:11:37Z,14.3687,17.9676,36.0,47.98,104.1,Ride,b7982751,460.3
2021-04-28T14:35:46Z,45.8753,17.244,46.800000000000004,159.63,391.0,Ride,b7982751,1546.6
2021-04-25T13:55:17Z,24.1109,16.0524,38.16,90.12,295.2,Ride,b7982751,736.2
2021-04-24T09:09:23Z,25.1361,15.8472,67.68,95.17,401.7,Ride,b7982751,891.4
2021-04-23T14:26:22Z,36.1743,16.2576,37.440000000000005,133.52,300.1,Ride,b7982751,1212.5
2021-04-23T05:09:58Z,15.2,18.979200000000002,37.800000000000004,48.05,120.4,Ride,b7982751,484.3
2021-04-21T08:45:21Z,7.1051,7.7508,53.64,55.0,127.9,BackcountrySki,,
2021-04-20T10:52:40Z,57.7864,19.3572,100.8,179.12,932.2,Ride,b7982751,2842.7
2021-04-19T11:51:11Z,44.3566,9.4212,47.88,282.53,1004.6,Ride,b7982751,2912.7
2021-04-18T09:16:28Z,32.5378,12.4596,41.04,156.7,713.8,BackcountrySki,,
2021-04-15T14:27:59Z,15.126,16.693199999999997,34.92,54.37,133.1,Ride,b7982751,452.8
2021-04-15T04:53:33Z,14.4082,19.2888,37.080000000000005,44.82,104.7,Ride,b7982751,443.6
2021-04-14T15:02:24Z,39.226699999999994,17.262,46.440000000000005,136.35,350.2,Ride,b7982751,1248.1
2021-04-09T14:11:54Z,28.4433,13.6188,59.04,125.32,179.6,Ride,b7982751,962.8
2021-04-05T10:07:50Z,37.549800000000005,16.398,43.56,137.4,376.9,Ride,b7982751,1313.0
2021-04-02T11:20:32Z,36.7467,17.3124,34.56,127.37,295.5,Ride,b7982751,1188.7
2021-04-01T11:19:25Z,70.709,19.296000000000003,39.96,219.87,426.4,Ride,b7982758,1780.0
2021-03-30T16:37:44Z,5.5091,5.3208,41.4,62.13,20.8,Walk,,
2021-03-29T16:25:43Z,4.55,5.2128,30.6,52.37,19.4,Walk,,
2021-03-28T11:30:21Z,57.145300000000006,22.244400000000002,44.28,154.13,113.9,Ride,b7982758,1416.0
2021-03-27T13:12:23Z,40.814,16.502399999999998,44.64,148.38,356.3,Ride,b7982758,1181.2
2021-03-26T16:31:57Z,22.8418,16.2396,39.96,84.4,213.4,Ride,b7982751,754.0
2021-03-25T14:59:11Z,38.176,16.4268,37.440000000000005,139.43,158.4,Ride,b7982758,1200.6
2021-03-20T09:01:45Z,36.8086,16.689600000000002,54.0,132.32,349.0,Ride,b7982758,1019.9
2021-03-16T16:23:37Z,3.3426,8.19,48.96,24.48,64.4,Run,,
2021-03-14T12:52:11Z,39.0922,19.6488,36.0,119.37,152.1,Ride,b7982758,895.1
2021-03-13T11:51:44Z,42.8059,11.635200000000001,37.440000000000005,220.73,421.9,Ride,b7982758,1432.1
2021-03-04T15:15:11Z,27.0846,16.1136,39.24,100.85,317.2,Ride,b7982751,930.1
2021-02-28T12:41:00Z,36.7016,15.728399999999999,39.96,140.02,227.8,Ride,b7982751,1258.3
2021-02-27T12:05:20Z,47.3588,15.065999999999999,43.56,188.58,421.5,Ride,b7982751,1729.0
2021-02-26T14:53:58Z,14.067,18.9864,45.72,44.45,77.8,Ride,b7982751,413.7
2021-02-26T06:06:19Z,13.9584,19.8684,35.28,42.15,103.9,Ride,b7982751,422.1
2021-02-20T12:07:55Z,59.009,15.336,33.480000000000004,230.85,126.6,Ride,b7982751,1748.8
2021-02-16T15:37:42Z,3.4735,7.236,15.48,28.8,76.6,Run,,
2021-02-13T11:07:05Z,6.3705,9.266399999999999,36.0,41.25,109.7,BackcountrySki,,
2021-02-08T15:42:16Z,4.032,7.5672,24.48,31.97,78.1,Run,,
2021-01-31T11:59:37Z,17.561700000000002,8.236799999999999,32.76,127.92,278.4,BackcountrySki,,
2021-01-16T13:42:03Z,7.6536,7.660800000000001,21.96,59.93,32.4,BackcountrySki,,
2021-01-09T11:23:01Z,12.0633,6.7716,32.76,106.88,261.4,BackcountrySki,,
2021-01-06T18:01:53Z,4.109,5.2092,46.800000000000004,47.33,43.7,Walk,,
2021-01-02T10:26:42Z,26.2305,9.0216,46.080000000000005,174.43,439.4,BackcountrySki,,
2021-01-01T09:09:48Z,21.8513,8.748000000000001,40.32,149.9,365.0,BackcountrySki,,
2020-12-07T14:41:48Z,2.5796,7.8228,19.08,19.78,49.1,Run,,
2020-11-22T12:51:20Z,28.036900000000003,15.264000000000001,40.32,110.22,310.1,Ride,b7982751,992.3
2020-11-20T14:37:55Z,3.1976,8.01,25.56,23.95,60.7,Run,,
2020-11-15T14:53:43Z,3.7824,8.020800000000001,39.96,28.3,75.1,Run,,
2020-11-14T10:33:07Z,56.9715,14.562,58.32,234.72,795.6,Ride,b7982751,1925.7
2020-11-12T10:20:11Z,1.3638,9.878400000000001,21.6,8.28,10.0,Run,,
2020-11-03T14:43:47Z,17.7276,15.678000000000003,31.319999999999997,67.85,260.8,Ride,b7982758,550.2
2020-10-31T10:24:18Z,72.3138,15.3756,45.36,282.18,693.3,Ride,b7982758,2133.3
2020-10-28T11:46:27Z,14.3345,18.183600000000002,45.72,47.3,134.8,Ride,b7982751,483.1
2020-10-25T14:16:29Z,24.578,16.142400000000002,47.88,91.35,279.1,Ride,b7982751,781.9
2020-10-24T12:37:11Z,30.1685,11.0916,42.480000000000004,163.2,622.8,Ride,b7982751,1339.5
2020-10-23T17:49:14Z,5.9834,8.064000000000002,27.0,44.52,222.2,Ride,b7982751,459.8
2020-10-22T14:31:04Z,36.375099999999996,17.2152,42.12,126.77,159.9,Ride,b7982758,1020.4
2020-10-20T14:51:42Z,3.6058000000000003,8.0568,16.56,26.85,70.0,Run,,
2020-10-17T11:19:33Z,58.6828,14.817599999999999,45.0,237.63,712.3,Ride,b7982751,2183.9
2020-10-15T15:04:41Z,1.7871,9.957600000000001,22.68,10.77,8.2,Run,,
2020-10-11T12:37:29Z,23.244,15.2712,39.96,91.32,332.8,Ride,b7982758,735.3
2020-10-09T15:39:32Z,7.4676,10.490400000000001,36.0,42.72,100.6,Ride,b7982751,347.3
2020-10-06T14:55:29Z,14.8206,17.744400000000002,45.72,50.12,135.7,Ride,b7982758,403.1
2020-10-06T04:58:22Z,14.183,19.4004,44.64,43.87,107.9,Ride,b7982758,386.9
2020-10-02T13:43:10Z,7.5933,22.2408,51.480000000000004,20.48,50.6,Ride,b7982751,266.4
2020-10-02T04:55:08Z,11.7778,17.665200000000002,38.88,40.0,156.2,Ride,b7982751,438.0
2020-09-30T15:14:18Z,25.5397,17.3412,42.84,88.37,257.1,Ride,b7982758,768.0
2020-09-22T14:54:09Z,12.5601,16.4124,83.16000000000001,45.92,112.1,Ride,b7982751,423.2
2020-09-22T04:54:04Z,12.251100000000001,22.503600000000002,55.440000000000005,32.67,97.2,Ride,b7982751,403.9
2020-09-21T14:43:42Z,11.726899999999999,25.4772,46.080000000000005,27.62,73.2,Ride,b7982758,325.8
2020-09-21T04:48:42Z,16.5415,18.183600000000002,42.12,54.58,116.3,Ride,b7982758,468.8
2020-09-20T13:37:18Z,41.2286,13.3416,42.480000000000004,185.4,592.7,Ride,b7982751,1637.4
2020-09-19T12:01:18Z,46.3699,14.544,52.56,191.28,630.7,Ride,b7982751,1682.6
2020-09-18T13:48:55Z,9.494399999999999,3.5172,9.360000000000001,161.95,0.0,Ride,b7982758,463.0
2020-09-18T04:50:52Z,13.9877,20.6712,39.24,40.6,107.6,Ride,b7982758,364.2
2020-09-11T13:57:37Z,13.1956,17.884800000000002,37.440000000000005,44.27,77.0,Ride,b7982758,332.9
2020-09-11T04:38:26Z,11.9246,22.784399999999998,37.800000000000004,31.4,97.9,Ride,b7982758,311.4
2020-09-07T16:34:27Z,2.3356999999999997,8.1,24.48,17.3,61.4,Run,,
2020-09-07T14:33:59Z,2.3270999999999997,8.791200000000002,23.400000000000002,15.88,41.5,Run,,
2020-09-01T15:13:36Z,38.508900000000004,18.6012,43.2,124.22,398.0,Ride,b7982751,1360.8
2020-08-27T14:27:39Z,3.8116,8.1936,20.88,27.92,66.7,Run,,
2020-08-25T16:35:13Z,31.0798,11.4552,57.24,162.78,343.7,Ride,,951.9
2020-08-24T14:36:13Z,6.2648,7.916399999999999,17.64,47.48,129.7,Run,,
2020-08-23T06:25:14Z,42.723,16.9272,49.68000000000001,151.45,521.8,Ride,,841.8
2020-08-22T09:35:40Z,41.037699999999994,13.942800000000002,51.12,176.62,719.9,Ride,,1177.0
2020-08-21T13:32:25Z,11.9015,20.0592,50.4,35.6,72.8,Ride,,178.7
2020-08-21T04:33:39Z,14.302100000000001,19.4436,34.92,44.13,107.6,Ride,,229.4
2020-08-20T14:32:39Z,11.9915,19.987199999999998,46.800000000000004,36.0,72.2,Ride,,146.1
2020-08-20T04:58:44Z,14.2821,20.541600000000003,43.2,41.72,107.9,Ride,,225.2
2020-08-19T15:43:43Z,2.8374,8.236799999999999,28.08,20.67,56.4,Run,,
2020-08-19T14:32:21Z,11.8802,21.4704,45.72,33.2,70.9,Ride,,179.0
2020-08-19T04:33:21Z,12.078700000000001,20.570400000000003,38.519999999999996,35.23,96.8,Ride,,196.9
2020-08-16T12:46:52Z,30.0493,12.2796,43.92,146.82,339.5,Ride,,779.3
2020-08-15T08:42:45Z,57.708,14.7312,52.92,235.05,867.9,Ride,,1376.9
2020-08-11T14:40:29Z,13.8866,21.1032,40.68000000000001,39.48,82.8,Ride,,197.5
2020-08-11T05:13:55Z,14.134,19.1808,41.04,44.22,108.6,Ride,,226.9
2020-08-10T14:45:52Z,12.3555,18.280800000000003,42.84,40.55,73.0,Ride,,222.5
2020-08-10T04:30:41Z,13.898,16.430400000000002,40.32,50.75,105.9,Ride,,281.8
2020-08-08T08:49:10Z,70.5827,19.6776,50.76,215.22,289.2,Ride,,1137.2
2020-08-07T14:34:44Z,46.6402,19.3716,48.24,144.45,404.5,Ride,,856.5
2020-08-07T05:26:25Z,14.4195,19.422,39.6,44.55,108.3,Ride,,262.7
2020-07-29T14:57:34Z,15.042200000000001,19.231199999999998,47.16,46.93,83.2,Ride,,225.8
2020-07-28T04:43:39Z,11.8684,20.8944,37.440000000000005,34.08,97.3,Ride,,201.5
2020-07-27T14:55:37Z,14.1521,17.2836,46.080000000000005,49.13,123.0,Ride,,254.5
2020-07-27T04:33:19Z,14.162799999999999,21.9204,39.96,38.77,107.4,Ride,,226.6
2020-07-23T11:37:50Z,29.2093,13.6044,42.12,128.83,303.6,Ride,,764.2
2020-07-23T07:48:47Z,22.2106,19.584000000000003,69.48,68.05,256.1,Ride,,408.7
2020-07-21T12:01:17Z,48.3589,17.8596,56.16,162.45,412.7,Ride,,883.0
2020-07-16T15:03:48Z,13.505600000000001,17.73,44.28,45.7,87.6,Ride,,
2020-07-16T04:57:02Z,12.892100000000001,18.8136,63.0,41.12,106.5,Ride,,234.9
2020-07-14T14:29:14Z,13.557799999999999,16.4844,48.6,49.35,113.5,Ride,,253.2
2020-07-14T04:44:26Z,13.9103,20.282400000000003,37.440000000000005,41.15,106.8,Ride,,234.4
2020-07-13T14:44:39Z,6.7536000000000005,15.706800000000001,41.04,25.8,62.0,Ride,,134.9
2020-07-13T04:30:58Z,12.1622,20.394000000000002,40.32,35.78,98.2,Ride,,233.2
2020-07-11T09:16:40Z,34.8882,14.392800000000001,50.4,145.45,399.5,Ride,,859.6
2020-07-10T15:00:43Z,31.719099999999997,13.2048,46.080000000000005,144.12,312.0,Ride,,741.8
2020-07-09T18:01:09Z,10.9779,15.3468,36.72,42.92,97.5,Ride,,196.1
2020-07-09T15:01:36Z,12.8702,17.0388,35.28,45.32,66.6,Ride,,158.8
2020-07-09T04:41:49Z,12.3204,18.3348,38.519999999999996,40.32,98.2,Ride,,202.8
2020-07-07T15:15:20Z,12.5444,17.8992,42.12,42.05,70.3,Ride,,187.2
2020-07-07T04:31:18Z,12.372,19.188000000000002,37.800000000000004,38.68,99.1,Ride,,215.5
2020-07-06T12:39:45Z,14.8698,6.9984,37.440000000000005,127.5,209.4,Ride,,649.3
2020-07-03T14:17:48Z,14.4261,19.8612,49.68000000000001,43.58,87.1,Ride,,201.9
2020-07-03T04:32:06Z,12.275799999999998,22.14,45.72,33.27,99.8,Ride,,222.9
2020-07-02T15:07:09Z,12.9474,19.767599999999998,50.76,39.3,70.4,Ride,,197.5
2020-07-01T04:30:13Z,12.072299999999998,20.0088,43.56,36.2,97.3,Ride,,
2020-06-30T14:20:42Z,40.6312,15.368400000000001,45.72,158.63,559.4,Ride,,1010.3
2020-06-24T14:39:19Z,26.9417,17.3448,45.72,93.2,192.2,Ride,,
2020-06-23T04:41:12Z,12.424,21.8268,65.88000000000001,34.15,95.0,Ride,,225.1
2020-06-18T13:59:34Z,12.2595,21.1788,44.28,34.73,72.3,Ride,,202.0
2020-06-18T04:36:02Z,14.28,21.8484,39.96,39.22,107.5,Ride,,253.9
2020-06-17T14:25:21Z,11.8192,21.776400000000002,45.72,32.57,71.9,Ride,,193.1
2020-06-17T04:58:15Z,14.0299,19.692,56.88,42.75,172.2,Ride,,271.5
2020-06-12T14:05:06Z,59.1082,14.968800000000002,63.0,236.9,535.7,Ride,,1294.2
2020-06-12T04:32:25Z,13.988100000000001,21.276,36.0,39.45,107.5,Ride,,219.0
2020-06-06T11:20:12Z,23.8558,15.5592,46.800000000000004,92.0,223.8,Ride,,513.2
2020-06-04T13:52:46Z,11.8137,22.1724,48.24,31.97,67.3,Ride,,185.7
2020-06-04T04:29:56Z,12.1882,17.946,41.76,40.75,90.2,Ride,,235.3
2020-06-03T16:24:15Z,30.7093,18.0072,42.480000000000004,102.32,396.2,Ride,,647.6
2020-06-02T04:38:44Z,12.9351,17.748,42.480000000000004,43.73,90.0,Ride,,275.9
2020-06-01T14:46:45Z,26.0395,4.1255999999999995,44.28,378.67,140.2,Ride,,1459.9
2020-06-01T04:59:36Z,14.3583,18.8784,40.32,45.63,102.1,Ride,,274.8
2020-05-27T14:42:07Z,33.5949,14.893199999999998,64.8,135.33,288.3,Ride,,737.4
2020-05-27T05:26:12Z,13.927299999999999,17.1396,37.440000000000005,48.75,91.8,Ride,,280.2
2020-05-26T14:52:38Z,57.4749,17.388,66.24,198.32,528.4,Ride,,1148.0
2020-05-26T04:35:09Z,12.584100000000001,18.741600000000002,42.480000000000004,40.28,98.9,Ride,,245.8
2020-05-24T07:53:52Z,55.815400000000004,15.156,78.12,220.97,101.8,Ride,,1003.4
2020-05-21T14:19:03Z,13.9231,17.4204,38.16,47.95,115.9,Ride,,259.5
2020-05-21T04:38:29Z,11.6456,23.1876,35.28,30.13,94.0,Ride,,192.7
2020-05-20T14:44:42Z,15.358799999999999,9.7992,45.72,94.03,118.9,Ride,,465.1
2020-05-20T04:48:43Z,13.4175,19.4616,36.36,41.37,95.1,Ride,,226.3
2020-05-19T14:26:28Z,12.3192,13.3344,47.16,55.43,94.0,Ride,,288.2
2020-05-19T04:34:30Z,17.0746,19.386,71.28,52.85,126.6,Ride,,321.1
2020-05-18T14:56:38Z,13.4717,18.252000000000002,42.480000000000004,44.28,113.4,Ride,,244.5
2020-05-18T04:50:27Z,14.994299999999999,20.721600000000002,37.440000000000005,43.42,114.6,Ride,,257.4
2020-05-13T14:07:37Z,11.768799999999999,21.7044,44.28,32.53,67.5,Ride,,195.2
2020-05-13T04:49:13Z,13.014299999999999,18.756,36.72,41.63,94.0,Ride,,245.1
2020-05-12T14:07:04Z,66.91510000000001,19.89,61.56000000000001,201.87,681.7,Ride,,1328.2
2020-05-10T11:17:58Z,42.9244,16.1244,63.72,159.72,234.5,Ride,,833.9
2020-05-08T09:07:36Z,31.362099999999998,12.69,73.08,148.28,365.0,Ride,,835.5
2020-05-07T14:42:27Z,37.943400000000004,17.0352,112.68,133.65,415.1,Ride,,783.8
2020-05-06T15:13:28Z,19.1915,15.0516,46.440000000000005,76.5,288.1,Ride,,493.2
2020-05-05T14:21:55Z,34.6134,15.7176,44.64,132.13,357.7,Ride,,670.5
2020-05-04T15:29:14Z,13.178700000000001,18.482400000000002,51.84,42.78,72.2,Ride,,231.0
2020-05-04T14:24:57Z,11.623700000000001,17.3268,52.56,40.25,40.8,Ride,,203.4
2020-05-03T12:03:38Z,44.990300000000005,13.7916,51.84,195.72,566.2,Ride,,1118.6
2020-04-26T13:11:08Z,37.1855,16.6968,59.760000000000005,133.62,347.6,Ride,,765.2
2020-04-22T14:33:43Z,18.0281,15.753600000000002,69.48,68.67,204.3,Ride,,426.7
2020-04-21T14:44:10Z,32.49,9.748800000000001,56.519999999999996,200.0,278.9,Ride,,1327.1
2020-04-19T12:22:29Z,43.7617,15.991200000000001,82.08,164.2,485.2,Ride,,970.1
2020-04-17T15:07:23Z,1.2419,8.6652,53.28,8.6,0.0,Ride,,54.3
2020-04-16T14:44:39Z,35.7014,15.3468,58.32,139.57,1368.6,Ride,,
2020-04-12T10:00:05Z,24.6936,18.8784,50.4,78.48,154.4,Ride,,245.4
2020-04-11T09:02:48Z,31.3025,15.476400000000002,55.080000000000005,121.37,347.3,Ride,,690.3
2020-04-09T14:44:18Z,38.253099999999996,17.3484,63.36000000000001,132.3,417.0,Ride,,862.7
2020-04-07T10:34:18Z,44.4946,13.1904,51.480000000000004,202.4,881.7,Ride,,1293.9
2020-04-06T09:42:56Z,19.1052,10.1844,57.24,112.57,361.0,Ride,,689.3
2020-04-04T12:07:18Z,46.8957,14.900400000000001,49.32,188.82,563.5,Ride,,1054.2
2020-04-02T14:05:41Z,12.8143,15.573599999999999,41.04,49.37,191.8,Ride,,383.2
2020-03-28T12:27:31Z,50.8067,15.951600000000001,45.36,191.1,703.2,Ride,,1190.3
2020-03-26T15:29:48Z,37.693599999999996,15.886800000000001,58.32,142.35,393.4,Ride,,846.2
2020-03-22T14:42:56Z,18.702099999999998,14.346,61.56000000000001,78.22,297.0,Ride,,427.1
2020-03-18T15:35:36Z,37.894800000000004,18.378000000000004,53.28,123.72,345.4,Ride,,697.0
2020-03-14T11:12:45Z,35.8034,13.064400000000001,106.92,164.42,630.5,Ride,,832.8
2020-03-13T16:48:24Z,9.669799999999999,13.1868,44.64,44.0,130.4,Ride,,210.8
2020-02-09T10:01:56Z,8.9063,8.564400000000001,51.480000000000004,62.38,198.6,NordicSki,,
2020-02-08T09:27:14Z,18.864099999999997,10.620000000000001,42.480000000000004,106.58,253.3,NordicSki,,
2020-01-30T10:54:19Z,8.8824,4.2804,37.440000000000005,124.48,179.9,NordicSki,,
2020-01-26T08:46:42Z,19.855,7.9452,59.760000000000005,149.95,472.1,NordicSki,,
2020-01-25T11:37:14Z,18.1582,9.6768,69.84,112.6,314.0,NordicSki,,
2019-12-27T10:22:45Z,47.8286,14.5116,52.92,197.73,560.4,Ride,,953.0
2019-12-27T09:48:19Z,8.413799999999998,20.8332,37.440000000000005,24.23,114.0,Ride,,179.5
2019-12-08T09:08:47Z,81.0956,18.799200000000003,44.28,258.83,740.3,Ride,,1369.5
2019-10-22T15:10:16Z,12.533100000000001,22.3812,47.88,33.6,73.9,Ride,,183.0
2019-10-21T06:36:01Z,14.8235,19.5912,51.12,45.4,150.9,Ride,,283.1
2019-10-19T06:15:38Z,50.645,22.4064,38.519999999999996,135.62,191.3,Ride,,715.1
2019-10-01T15:04:15Z,11.460799999999999,19.1016,47.16,36.0,106.9,Ride,,207.3
2019-10-01T05:23:27Z,12.880700000000001,20.9448,55.080000000000005,36.9,95.5,Ride,,224.2
2019-09-30T14:35:18Z,12.6573,20.7396,43.2,36.62,73.9,Ride,,185.7
2019-09-30T05:40:12Z,12.2854,22.4856,43.2,32.78,91.0,Ride,,230.6
2019-09-21T08:43:23Z,22.6382,13.4568,37.440000000000005,100.95,301.0,Ride,,452.8
2019-09-16T15:10:47Z,14.644200000000001,19.227600000000002,54.0,45.7,131.6,Ride,,254.3
2019-09-16T04:28:38Z,13.1749,19.706400000000002,44.28,40.12,97.9,Ride,,229.4
2019-09-04T15:11:57Z,12.5809,22.1796,42.84,34.03,74.5,Ride,,185.4
2019-09-04T04:32:53Z,12.6752,22.0212,38.519999999999996,34.53,94.4,Ride,,204.0
2019-09-01T12:09:31Z,48.8705,22.2228,38.88,131.95,239.2,Ride,,741.6
2019-08-31T06:37:59Z,72.4521,23.950799999999997,37.800000000000004,181.5,272.1,Ride,,816.6
2019-08-29T14:31:48Z,13.0092,19.044,38.88,40.98,70.2,Ride,,164.0
2019-08-29T04:30:20Z,11.8361,21.8952,38.519999999999996,32.43,88.9,Ride,,187.8
2019-08-28T14:41:39Z,11.3015,21.582,44.28,31.42,83.1,Ride,,170.1
2019-08-28T04:34:41Z,11.219100000000001,22.525199999999998,38.519999999999996,29.88,81.2,Ride,,179.4
2019-08-25T14:59:09Z,42.758300000000006,15.5016,47.88,165.48,418.4,Ride,,691.5
2019-08-25T06:30:48Z,43.237300000000005,17.6148,54.36,147.27,636.5,Ride,,854.4
2019-08-23T14:37:09Z,14.494,19.954800000000002,48.24,43.58,133.7,Ride,,260.4
2019-08-23T04:25:46Z,12.624600000000001,21.988799999999998,39.24,34.45,94.6,Ride,,203.7
2019-08-17T07:45:00Z,75.7642,11.9304,47.88,380.98,1178.9,Ride,,1779.8
2019-08-15T14:38:10Z,56.9161,16.3584,48.96,208.75,660.2,Ride,,1045.2
2019-08-15T04:30:34Z,12.7029,20.5884,38.16,37.02,94.0,Ride,,198.5
2019-08-14T14:36:45Z,15.4575,16.4556,42.84,56.37,174.3,Ride,,284.8
2019-08-14T04:20:57Z,15.416799999999999,17.4312,44.64,53.07,155.0,Ride,,276.7
2019-08-13T14:36:38Z,17.810299999999998,14.3712,56.16,74.35,169.3,Ride,,302.8
2019-08-13T04:26:00Z,12.7456,21.481199999999998,39.6,35.6,95.0,Ride,,205.4
2019-08-10T07:46:26Z,44.7341,16.012800000000002,47.16,167.62,494.0,Ride,,779.6
2019-08-09T14:07:40Z,13.8995,17.5212,43.56,47.6,76.3,Ride,,184.8
2019-08-09T04:33:31Z,12.698799999999999,21.5244,36.72,35.4,94.9,Ride,,197.2
2019-08-08T14:55:02Z,13.6656,16.02,39.96,51.18,119.8,Ride,,225.0
2019-08-08T04:27:44Z,13.032399999999999,21.6504,38.88,36.12,99.8,Ride,,212.0
2019-08-07T15:49:34Z,23.0841,17.8452,46.080000000000005,77.62,244.3,Ride,,436.0
2019-08-07T14:07:33Z,13.4314,17.157600000000002,43.92,46.97,167.5,Ride,,177.3
2019-08-07T04:53:09Z,7.232600000000001,17.9568,36.72,24.17,54.7,Ride,,109.5
2019-08-06T14:35:23Z,7.3754,14.709600000000002,25.92,30.08,53.9,Ride,,102.5
2019-08-06T04:22:01Z,13.0942,20.1636,37.080000000000005,38.97,99.9,Ride,,198.2
2019-07-07T11:21:36Z,13.6273,15.8652,28.8,51.53,22.0,Ride,,141.9
2019-07-07T08:17:32Z,14.4037,15.246000000000002,28.8,56.68,42.4,Ride,,167.3
2019-07-01T15:03:25Z,10.081299999999999,13.932,36.0,43.42,108.9,Ride,,164.8
2019-06-28T14:12:28Z,21.701900000000002,13.1688,51.84,98.88,224.4,Ride,,397.5
2019-06-28T05:00:47Z,13.0297,22.2408,44.64,35.15,185.5,Ride,,211.9
2019-06-27T16:24:56Z,38.213699999999996,19.5768,41.4,117.12,351.6,Ride,,646.1
2019-06-27T14:34:40Z,13.1035,18.8316,40.32,41.75,112.4,Ride,,220.2
2019-06-27T04:49:03Z,7.1745,22.4784,49.68000000000001,19.15,46.1,Ride,,116.6
2019-06-22T10:12:21Z,23.3971,14.76,41.4,95.12,324.2,Ride,,483.3
2019-06-16T14:21:22Z,7.5874,12.258,37.800000000000004,37.13,18.9,Ride,,121.1
2019-06-07T13:20:44Z,13.788200000000002,18.4536,39.24,44.83,111.0,Ride,,206.2
2019-06-07T04:20:44Z,13.9745,18.936,45.72,44.28,103.2,Ride,,209.8
2019-06-04T14:23:33Z,12.8651,18.7668,42.480000000000004,41.13,70.4,Ride,,183.0
2019-06-04T04:45:41Z,7.3096000000000005,19.450799999999997,37.800000000000004,22.55,54.0,Ride,,108.0
2019-06-03T15:46:04Z,7.998399999999999,11.138399999999999,34.2,43.08,130.9,Ride,,173.7
2019-05-30T14:39:35Z,0.027800000000000002,4.5504,8.64,0.37,0.0,Ride,,2.5
2019-05-27T04:37:07Z,7.8927,17.9712,42.12,26.35,72.4,Ride,,133.7
2019-05-21T15:38:00Z,12.4149,20.5488,43.92,36.25,70.5,Ride,,169.4
2019-05-21T04:45:00Z,7.9421,16.689600000000002,36.36,28.55,75.6,Ride,,133.5
2019-05-20T14:41:32Z,7.3778999999999995,17.1792,31.319999999999997,25.77,50.2,Ride,,111.2
2019-05-20T04:22:29Z,13.2288,16.5348,35.64,48.0,136.8,Ride,,229.6
2019-05-18T09:02:55Z,45.9615,14.0436,53.64,196.35,612.7,Ride,,911.7
2019-05-01T07:36:21Z,47.304300000000005,12.9204,42.84,219.7,625.1,Ride,,909.4
2019-04-08T15:54:07Z,3.4764,34.5708,25.2,6.03,33.8,Ride,,20.1
2019-02-02T09:40:50Z,69.8518,12.8088,41.04,327.22,893.2,Ride,,1433.1
2018-11-10T11:47:59Z,35.429199999999994,0.018000000000000002,35.28,120818.18,299.7,Ride,,566363.5
2018-10-21T06:24:25Z,20.7009,16.8588,38.16,73.67,162.6,Ride,,316.2
2018-10-20T11:00:21Z,35.737300000000005,13.0968,41.04,163.7,548.3,Ride,,729.3
2018-09-22T07:39:48Z,44.2307,13.233600000000001,42.480000000000004,200.52,854.0,Ride,,1023.2
2018-09-04T14:36:28Z,42.779199999999996,14.2992,38.16,179.52,670.0,Ride,,853.8
2018-08-21T14:52:12Z,40.3895,15.256800000000002,44.64,158.83,549.0,Walk,,
2018-08-19T14:10:20Z,52.6115,14.2164,35.64,222.07,772.9,Walk,,
2018-08-10T15:38:11Z,28.8785,16.488,43.56,105.08,395.5,Ride,,576.7
2018-07-31T15:13:48Z,9.995899999999999,16.038,33.12,37.4,143.0,Ride,,207.2
2018-07-08T08:41:34Z,26.070700000000002,13.611600000000001,43.2,114.93,417.9,Ride,,567.0
2018-07-07T08:13:15Z,56.148199999999996,18.306,36.36,184.03,225.8,Ride,,785.4
2018-07-05T15:28:35Z,9.7467,12.639600000000002,37.800000000000004,46.27,221.2,Ride,,243.8
2018-07-01T10:43:14Z,13.5821,5.076,18.0,160.5,368.2,Walk,,
2018-06-29T16:07:38Z,22.4142,13.788,42.12,97.55,383.0,Ride,,524.8
2018-06-27T16:13:39Z,38.1956,16.4232,53.28,139.55,611.1,Ride,,827.0
2018-06-27T04:51:08Z,3.9335999999999998,14.4648,42.12,16.32,70.3,Ride,,91.4
2018-06-24T13:04:20Z,9.166799999999999,11.2284,56.88,48.98,127.1,Ride,,188.1
2018-06-24T09:55:43Z,20.6543,12.1572,50.4,101.93,326.1,Ride,,480.0
2018-06-23T13:21:45Z,19.0,15.5988,46.800000000000004,73.08,283.0,Ride,,467.1
2018-06-22T04:33:44Z,3.9469000000000003,12.3336,42.12,19.2,70.8,Ride,,95.0
2018-06-20T15:30:59Z,47.3332,18.0504,45.0,157.35,482.2,Ride,,904.0
2018-06-17T13:42:31Z,39.6514,14.1948,45.36,167.6,630.3,Ride,,937.8
2018-06-15T14:43:31Z,3.95,13.8312,42.12,17.13,86.3,Ride,,108.5
2018-06-15T04:40:01Z,4.2293,15.0912,42.480000000000004,16.82,69.6,Ride,,106.5
2018-06-11T15:27:20Z,22.765900000000002,10.630799999999999,47.88,128.5,262.6,Ride,,845.1
2018-06-08T13:41:13Z,4.1019,12.8736,42.12,19.12,86.7,Ride,,121.0
2018-06-08T04:36:19Z,4.1948,14.493599999999999,41.4,17.37,73.5,Ride,,99.5
2018-06-06T16:10:03Z,18.767599999999998,10.8468,55.800000000000004,103.82,344.4,Ride,,668.4
2018-06-05T14:41:43Z,3.3669000000000002,13.118400000000001,47.88,15.4,48.7,Ride,,73.7
2018-06-05T04:38:40Z,4.2221,13.464,39.6,18.82,77.4,Ride,,106.6
2018-06-03T12:06:36Z,52.9044,14.9256,52.92,212.65,778.0,Ride,,1262.9
2018-05-28T15:10:14Z,6.4452,11.7432,43.56,32.93,122.1,Ride,,160.0
2018-05-28T04:31:49Z,4.073300000000001,13.640400000000001,47.88,17.92,70.2,Ride,,96.6
2018-05-27T08:37:56Z,11.113100000000001,15.3936,36.0,43.32,105.8,Ride,,220.0
2018-05-26T12:07:26Z,73.6358,14.616,58.32,302.28,1045.9,Ride,,1601.4
2018-05-25T15:22:51Z,36.333,16.3368,46.800000000000004,133.45,441.1,Ride,,750.0
2018-05-20T13:12:31Z,53.6962,15.93,37.800000000000004,202.27,586.5,Ride,,1017.0
2018-05-13T13:03:44Z,51.3647,14.688,48.24,209.82,737.7,Ride,,1113.3
2018-05-11T14:05:17Z,49.0814,14.8752,42.84,197.95,611.1,Ride,,1076.4
2018-05-02T15:43:52Z,33.241099999999996,17.7588,34.56,112.3,295.3,Ride,,
2018-05-01T08:29:12Z,57.244800000000005,18.172800000000002,39.6,188.98,271.3,Ride,,
